{"_default": {"1": {"person_id": "danforth", "personal_name": "Frank", "family_name": "Danforth"}, "2": {"person_id": "dyer", "personal_name": "William", "family_name": "Dyer", "visits": [[{"visit_id": "622", "site_id": "DR-1", "visit_date": "1927-02-10"}, [{"site_id": "DR-1", "latitude": -49.85, "longitude": -128.57}], {"visit_id": "622", "person_id": "dyer", "quantity": "sal", "reading": "0.09"}]]}, "3": {"person_id": "lake", "personal_name": "Anderson", "family_name": "Lake", "visits": [[{"visit_id": "837", "site_id": "MSK-4", "visit_date": "1932-01-14"}, [{"site_id": "MSK-4", "latitude": -48.87, "longitude": -123.4}], {"visit_id": "837", "person_id": "lake", "quantity": "sal", "reading": "0.21"}]]}, "4": {"person_id": "pb", "personal_name": "Frank", "family_name": "Pabodie", "visits": [[{"visit_id": "751", "site_id": "DR-3", "visit_date": "1930-02-26"}, [{"site_id": "DR-3", "latitude": -47.15, "longitude": -126.72}], {"visit_id": "751", "person_id": "pb", "quantity": "temp", "reading": "-18.5"}]]}, "5": {"person_id": "roe", "personal_name": "Valentina", "family_name": "Roerich", "visits": [[{"visit_id": "844", "site_id": "DR-1", "visit_date": "1932-03-22"}, [{"site_id": "DR-1", "latitude": -49.85, "longitude": -128.57}], {"visit_id": "844", "person_id": "roe", "quantity": "rad", "reading": "11.25"}]]}}}