{
  "('619', 'dyer', 'rad')": {
    "visit_id": "619",
    "person_id": "dyer",
    "quantity": "rad",
    "reading": "9.82"
  },
  "('619', 'dyer', 'sal')": {
    "visit_id": "619",
    "person_id": "dyer",
    "quantity": "sal",
    "reading": "0.13"
  },
  "('622', 'dyer', 'rad')": {
    "visit_id": "622",
    "person_id": "dyer",
    "quantity": "rad",
    "reading": "7.8"
  },
  "('622', 'dyer', 'sal')": {
    "visit_id": "622",
    "person_id": "dyer",
    "quantity": "sal",
    "reading": "0.09"
  },
  "('734', 'lake', 'sal')": {
    "visit_id": "734",
    "person_id": "lake",
    "quantity": "sal",
    "reading": "0.05"
  },
  "('734', 'pb', 'rad')": {
    "visit_id": "734",
    "person_id": "pb",
    "quantity": "rad",
    "reading": "8.41"
  },
  "('734', 'pb', 'temp')": {
    "visit_id": "734",
    "person_id": "pb",
    "quantity": "temp",
    "reading": "-21.5"
  },
  "('735', 'pb', 'rad')": {
    "visit_id": "735",
    "person_id": "pb",
    "quantity": "rad",
    "reading": "7.22"
  },
  "('735', 'pb', 'sal')": {
    "visit_id": "735",
    "person_id": "pb",
    "quantity": "sal",
    "reading": "0.06"
  },
  "('735', 'pb', 'temp')": {
    "visit_id": "735",
    "person_id": "pb",
    "quantity": "temp",
    "reading": "-26.0"
  },
  "('751', 'pb', 'rad')": {
    "visit_id": "751",
    "person_id": "pb",
    "quantity": "rad",
    "reading": "4.35"
  },
  "('751', 'pb', 'temp')": {
    "visit_id": "751",
    "person_id": "pb",
    "quantity": "temp",
    "reading": "-18.5"
  },
  "('752', 'lake', 'rad')": {
    "visit_id": "752",
    "person_id": "lake",
    "quantity": "rad",
    "reading": "2.19"
  },
  "('752', 'lake', 'sal')": {
    "visit_id": "752",
    "person_id": "lake",
    "quantity": "sal",
    "reading": "0.09"
  },
  "('752', 'lake', 'temp')": {
    "visit_id": "752",
    "person_id": "lake",
    "quantity": "temp",
    "reading": "-16.0"
  },
  "('752', 'roe', 'sal')": {
    "visit_id": "752",
    "person_id": "roe",
    "quantity": "sal",
    "reading": "41.6"
  },
  "('837', 'lake', 'rad')": {
    "visit_id": "837",
    "person_id": "lake",
    "quantity": "rad",
    "reading": "1.46"
  },
  "('837', 'lake', 'sal')": {
    "visit_id": "837",
    "person_id": "lake",
    "quantity": "sal",
    "reading": "0.21"
  },
  "('837', 'roe', 'sal')": {
    "visit_id": "837",
    "person_id": "roe",
    "quantity": "sal",
    "reading": "22.5"
  },
  "('844', 'roe', 'rad')": {
    "visit_id": "844",
    "person_id": "roe",
    "quantity": "rad",
    "reading": "11.25"
  }
}